DATE,XUDLBK67
02 Jan 1990,90.7445
03 Jan 1990,90.9773
04 Jan 1990,90.7776
05 Jan 1990,91.1766
08 Jan 1990,91.5705
09 Jan 1990,92.1006
10 Jan 1990,92.4177
11 Jan 1990,92.2114
12 Jan 1990,92.6
15 Jan 1990,92.7368
16 Jan 1990,92.4029
17 Jan 1990,91.9366
18 Jan 1990,92.2471
19 Jan 1990,92.2508
22 Jan 1990,92.4266
23 Jan 1990,92.1627
24 Jan 1990,92.128
25 Jan 1990,92.1974
26 Jan 1990,92.2778
29 Jan 1990,93.0088
30 Jan 1990,93.3652
31 Jan 1990,93.4727
01 Feb 1990,93.4083
02 Feb 1990,93.5285
05 Feb 1990,93.6996
06 Feb 1990,93.7399
07 Feb 1990,93.5848
08 Feb 1990,93.5008
09 Feb 1990,93.8459
12 Feb 1990,93.8837
13 Feb 1990,93.7909
14 Feb 1990,93.9774
15 Feb 1990,94.1022
16 Feb 1990,94.0547
19 Feb 1990,94.3778
20 Feb 1990,94.4541
21 Feb 1990,94.7222
22 Feb 1990,94.7599
23 Feb 1990,94.7878
26 Feb 1990,94.4044
27 Feb 1990,94.1881
28 Feb 1990,94.4273
01 Mar 1990,93.72
02 Mar 1990,93.0738
05 Mar 1990,91.9062
06 Mar 1990,92.4643
07 Mar 1990,92.1384
08 Mar 1990,92.1451
09 Mar 1990,90.9399
12 Mar 1990,90.7166
13 Mar 1990,90.4541
14 Mar 1990,90.7857
15 Mar 1990,90.9332
16 Mar 1990,91.0403
19 Mar 1990,90.0875
20 Mar 1990,90.4293
21 Mar 1990,89.7741
22 Mar 1990,90.0936
23 Mar 1990,90.3593
26 Mar 1990,91.1316
27 Mar 1990,91.6631
28 Mar 1990,91.8976
29 Mar 1990,91.661
30 Mar 1990,92.2266
02 Apr 1990,91.8497
03 Apr 1990,91.9322
04 Apr 1990,92.272
05 Apr 1990,92.1918
06 Apr 1990,91.8975
09 Apr 1990,91.7434
10 Apr 1990,91.515
11 Apr 1990,91.4881
12 Apr 1990,91.3568
17 Apr 1990,91.1485
18 Apr 1990,91.0853
19 Apr 1990,91.4702
20 Apr 1990,91.4512
23 Apr 1990,91.7176
24 Apr 1990,91.5624
25 Apr 1990,91.3171
26 Apr 1990,91.0964
27 Apr 1990,91.0838
30 Apr 1990,91.2955
01 May 1990,91.4105
02 May 1990,91.6209
03 May 1990,91.5334
04 May 1990,92.1075
08 May 1990,92.2125
09 May 1990,91.9966
10 May 1990,91.9052
11 May 1990,91.8034
14 May 1990,92.1441
15 May 1990,92.0022
16 May 1990,91.9588
17 May 1990,92.7207
18 May 1990,92.8348
21 May 1990,93.378
22 May 1990,93.5159
23 May 1990,93.7048
24 May 1990,93.7085
25 May 1990,93.7438
29 May 1990,93.7194
30 May 1990,93.9384
31 May 1990,93.7264
01 Jun 1990,93.8593
04 Jun 1990,93.4537
05 Jun 1990,93.831
06 Jun 1990,93.9406
07 Jun 1990,94.1529
08 Jun 1990,94.1283
11 Jun 1990,94.0644
12 Jun 1990,95.0051
13 Jun 1990,95.2812
14 Jun 1990,95.1958
15 Jun 1990,95.2327
18 Jun 1990,94.9678
19 Jun 1990,95.1137
20 Jun 1990,95.5439
21 Jun 1990,95.7174
22 Jun 1990,95.9367
25 Jun 1990,95.9367
26 Jun 1990,96.0197
27 Jun 1990,96.1251
28 Jun 1990,96.0626
29 Jun 1990,96.1682
02 Jul 1990,96.8162
03 Jul 1990,97.4224
04 Jul 1990,97.5009
05 Jul 1990,97.4541
06 Jul 1990,97.9324
09 Jul 1990,98.7497
10 Jul 1990,99.0901
11 Jul 1990,98.3048
12 Jul 1990,98.4046
13 Jul 1990,98.4036
16 Jul 1990,98.7131
17 Jul 1990,98.9151
18 Jul 1990,99.2334
19 Jul 1990,98.9993
20 Jul 1990,98.9095
23 Jul 1990,98.7287
24 Jul 1990,98.5976
25 Jul 1990,97.8847
26 Jul 1990,98.1681
27 Jul 1990,98.9544
30 Jul 1990,99.1953
31 Jul 1990,99.1129
01 Aug 1990,99.0543
02 Aug 1990,99.0964
03 Aug 1990,99.3682
06 Aug 1990,99.4976
07 Aug 1990,99.9048
08 Aug 1990,99.875
09 Aug 1990,100.022
10 Aug 1990,99.9764
13 Aug 1990,100.0686
14 Aug 1990,100.1678
15 Aug 1990,100.1744
16 Aug 1990,100.2441
17 Aug 1990,100.7192
20 Aug 1990,101.0939
21 Aug 1990,101.1129
22 Aug 1990,101.3892
23 Aug 1990,102.3333
24 Aug 1990,102.3354
28 Aug 1990,102.0862
29 Aug 1990,102.2232
30 Aug 1990,101.4631
31 Aug 1990,100.2897
03 Sep 1990,99.5922
04 Sep 1990,99.7965
05 Sep 1990,100.0211
06 Sep 1990,100.34
07 Sep 1990,99.8421
10 Sep 1990,98.5588
11 Sep 1990,98.5152
12 Sep 1990,99.0019
13 Sep 1990,99.1907
14 Sep 1990,99.638
17 Sep 1990,99.7749
18 Sep 1990,100.2722
19 Sep 1990,99.3831
20 Sep 1990,98.9106
21 Sep 1990,97.6143
24 Sep 1990,98.7254
25 Sep 1990,98.7099
26 Sep 1990,98.3407
27 Sep 1990,98.7578
28 Sep 1990,98.6805
01 Oct 1990,98.9335
02 Oct 1990,98.958
03 Oct 1990,99.05
04 Oct 1990,99.1021
05 Oct 1990,101.1804
08 Oct 1990,102.191
09 Oct 1990,101.5867
10 Oct 1990,101.5552
11 Oct 1990,101.6393
12 Oct 1990,101.4633
15 Oct 1990,100.6474
16 Oct 1990,100.4691
17 Oct 1990,100.5828
18 Oct 1990,100.0619
19 Oct 1990,100.0455
22 Oct 1990,100.0168
23 Oct 1990,100.0515
24 Oct 1990,100.1643
25 Oct 1990,100.2075
26 Oct 1990,100.4905
29 Oct 1990,100.4094
30 Oct 1990,100.2946
31 Oct 1990,100.0337
01 Nov 1990,100.0994
02 Nov 1990,99.8075
05 Nov 1990,99.9558
06 Nov 1990,100.0928
07 Nov 1990,100.1171
08 Nov 1990,100.1047
09 Nov 1990,100.0684
12 Nov 1990,99.5539
13 Nov 1990,99.6447
14 Nov 1990,99.2709
15 Nov 1990,99.3385
16 Nov 1990,99.3799
19 Nov 1990,99.7078
20 Nov 1990,99.8264
21 Nov 1990,99.7762
22 Nov 1990,99.7307
23 Nov 1990,99.9025
26 Nov 1990,100.1481
27 Nov 1990,100.1366
28 Nov 1990,100.3564
29 Nov 1990,99.9552
30 Nov 1990,99.4974
03 Dec 1990,99.1299
04 Dec 1990,99.05
05 Dec 1990,98.9516
06 Dec 1990,99.1565
07 Dec 1990,99.2331
10 Dec 1990,98.743
11 Dec 1990,98.7411
12 Dec 1990,98.9228
13 Dec 1990,99.0589
14 Dec 1990,99.0616
17 Dec 1990,98.5588
18 Dec 1990,98.8497
19 Dec 1990,98.5169
20 Dec 1990,98.196
21 Dec 1990,98.2431
24 Dec 1990,97.9754
27 Dec 1990,98.496
28 Dec 1990,98.744
31 Dec 1990,99.092
02 Jan 1991,99.4232
03 Jan 1991,99.5876
04 Jan 1991,99.5672
07 Jan 1991,99.3236
08 Jan 1991,99.2882
09 Jan 1991,99.4315
10 Jan 1991,99.1756
11 Jan 1991,99.1752
14 Jan 1991,99.5326
15 Jan 1991,99.613
16 Jan 1991,99.6788
17 Jan 1991,99.2012
18 Jan 1991,99.6454
21 Jan 1991,99.764
22 Jan 1991,99.6429
23 Jan 1991,99.7112
24 Jan 1991,99.8723
25 Jan 1991,99.9329
28 Jan 1991,100.2086
29 Jan 1991,100.2849
30 Jan 1991,100.0381
31 Jan 1991,99.7942
01 Feb 1991,99.8599
04 Feb 1991,99.8031
05 Feb 1991,99.9068
06 Feb 1991,100.0812
07 Feb 1991,99.924
08 Feb 1991,99.7342
11 Feb 1991,99.7793
12 Feb 1991,99.8234
13 Feb 1991,99.9565
14 Feb 1991,99.8948
15 Feb 1991,99.8593
18 Feb 1991,99.6529
19 Feb 1991,99.6538
20 Feb 1991,99.5933
21 Feb 1991,99.8321
22 Feb 1991,99.7738
25 Feb 1991,99.5455
26 Feb 1991,99.2801
27 Feb 1991,99.1137
28 Feb 1991,99.072
01 Mar 1991,98.929
04 Mar 1991,98.9502
05 Mar 1991,99.0785
06 Mar 1991,98.8519
07 Mar 1991,98.9017
08 Mar 1991,98.795
11 Mar 1991,98.4805
12 Mar 1991,98.4407
13 Mar 1991,98.5472
14 Mar 1991,98.5932
15 Mar 1991,98.1556
18 Mar 1991,97.3395
19 Mar 1991,96.7417
20 Mar 1991,97.1854
21 Mar 1991,97.5712
22 Mar 1991,97.5114
25 Mar 1991,97.2433
26 Mar 1991,97.3362
27 Mar 1991,97.2407
28 Mar 1991,97.2718
02 Apr 1991,97.7856
03 Apr 1991,97.8429
04 Apr 1991,98.0073
05 Apr 1991,97.9311
08 Apr 1991,97.9878
09 Apr 1991,98.3226
10 Apr 1991,98.1602
11 Apr 1991,98.3625
12 Apr 1991,98.1904
15 Apr 1991,98.3533
16 Apr 1991,98.0344
17 Apr 1991,97.9879
18 Apr 1991,98.0573
19 Apr 1991,97.1241
22 Apr 1991,96.5583
23 Apr 1991,96.6812
24 Apr 1991,96.1382
25 Apr 1991,95.8206
26 Apr 1991,95.7163
29 Apr 1991,95.6716
30 Apr 1991,96.4559
01 May 1991,96.2074
02 May 1991,96.415
03 May 1991,96.0313
07 May 1991,96.512
08 May 1991,96.7537
09 May 1991,96.3944
10 May 1991,96.6294
13 May 1991,96.9958
14 May 1991,96.8355
15 May 1991,96.9331
16 May 1991,97.0567
17 May 1991,96.8999
20 May 1991,96.7032
21 May 1991,97.1113
22 May 1991,97.0067
23 May 1991,97.2245
24 May 1991,96.8741
28 May 1991,97.1454
29 May 1991,96.8834
30 May 1991,96.3729
31 May 1991,96.1346
03 Jun 1991,96.3018
04 Jun 1991,96.3289
05 Jun 1991,96.1707
06 Jun 1991,96.0677
07 Jun 1991,95.806
10 Jun 1991,95.7545
11 Jun 1991,95.4227
12 Jun 1991,95.1851
13 Jun 1991,95.0089
14 Jun 1991,94.8155
17 Jun 1991,94.3733
18 Jun 1991,94.0752
19 Jun 1991,94.3789
20 Jun 1991,94.4573
21 Jun 1991,94.531
24 Jun 1991,94.6335
25 Jun 1991,94.3431
26 Jun 1991,94.5241
27 Jun 1991,94.4547
28 Jun 1991,94.2543
01 Jul 1991,94.2842
02 Jul 1991,94.1374
03 Jul 1991,94.4157
04 Jul 1991,94.4743
05 Jul 1991,94.7306
08 Jul 1991,94.9846
09 Jul 1991,94.9095
10 Jul 1991,94.6947
11 Jul 1991,94.5194
12 Jul 1991,95.3382
15 Jul 1991,95.3985
16 Jul 1991,95.4682
17 Jul 1991,95.5076
18 Jul 1991,95.7069
19 Jul 1991,96.1921
22 Jul 1991,96.0448
23 Jul 1991,96.1596
24 Jul 1991,96.0338
25 Jul 1991,95.7602
26 Jul 1991,95.8483
29 Jul 1991,95.7097
30 Jul 1991,95.9145
31 Jul 1991,95.9389
01 Aug 1991,95.7439
02 Aug 1991,96.1362
05 Aug 1991,96.3782
06 Aug 1991,96.1347
07 Aug 1991,96.1946
08 Aug 1991,95.8744
09 Aug 1991,95.9162
12 Aug 1991,95.9771
13 Aug 1991,95.8788
14 Aug 1991,95.7102
15 Aug 1991,95.6848
16 Aug 1991,95.2114
19 Aug 1991,95.1547
20 Aug 1991,95.1352
21 Aug 1991,95.7286
22 Aug 1991,95.8439
23 Aug 1991,95.3944
27 Aug 1991,95.7064
28 Aug 1991,95.8912
29 Aug 1991,95.6571
30 Aug 1991,95.7238
02 Sep 1991,95.8366
03 Sep 1991,96.01
04 Sep 1991,95.9698
05 Sep 1991,96.026
06 Sep 1991,96.0635
09 Sep 1991,96.502
10 Sep 1991,96.4453
11 Sep 1991,96.2915
12 Sep 1991,96.3015
13 Sep 1991,96.1542
16 Sep 1991,96.1021
17 Sep 1991,96.2242
18 Sep 1991,96.0118
19 Sep 1991,96.1361
20 Sep 1991,96.0196
23 Sep 1991,96.2534
24 Sep 1991,96.0961
25 Sep 1991,96.0886
26 Sep 1991,96.0294
27 Sep 1991,96.1085
30 Sep 1991,96.3892
01 Oct 1991,96.3542
02 Oct 1991,96.3347
03 Oct 1991,96.2626
04 Oct 1991,96.0479
07 Oct 1991,95.8851
08 Oct 1991,95.3759
09 Oct 1991,95.3129
10 Oct 1991,95.3976
11 Oct 1991,95.5279
14 Oct 1991,95.528
15 Oct 1991,95.2407
16 Oct 1991,95.3751
17 Oct 1991,95.3555
18 Oct 1991,95.6715
21 Oct 1991,95.4499
22 Oct 1991,95.371
23 Oct 1991,95.2957
24 Oct 1991,95.4166
25 Oct 1991,95.4699
28 Oct 1991,95.3623
29 Oct 1991,95.6345
30 Oct 1991,96.0799
31 Oct 1991,96.0189
01 Nov 1991,96.1003
04 Nov 1991,96.5756
05 Nov 1991,96.4719
06 Nov 1991,96.4854
07 Nov 1991,96.5523
08 Nov 1991,96.3931
11 Nov 1991,96.4314
12 Nov 1991,96.416
13 Nov 1991,96.4443
14 Nov 1991,96.3702
15 Nov 1991,96.4209
18 Nov 1991,96.4111
19 Nov 1991,96.4699
20 Nov 1991,96.5178
21 Nov 1991,96.3633
22 Nov 1991,96.0237
25 Nov 1991,95.9058
26 Nov 1991,95.7044
27 Nov 1991,95.5697
28 Nov 1991,95.6155
29 Nov 1991,95.8304
02 Dec 1991,95.7879
03 Dec 1991,95.6645
04 Dec 1991,95.8254
05 Dec 1991,95.8991
06 Dec 1991,96.0827
09 Dec 1991,95.9712
10 Dec 1991,96.1929
11 Dec 1991,96.3042
12 Dec 1991,96.4409
13 Dec 1991,96.8939
16 Dec 1991,96.9429
17 Dec 1991,96.8814
18 Dec 1991,96.9366
19 Dec 1991,96.8228
20 Dec 1991,97.2598
23 Dec 1991,97.2205
24 Dec 1991,97.4123
27 Dec 1991,97.3328
30 Dec 1991,96.9162
31 Dec 1991,96.9177
02 Jan 1992,97.1771
03 Jan 1992,96.7792
06 Jan 1992,97.1063
07 Jan 1992,96.9594
08 Jan 1992,96.838
09 Jan 1992,96.0461
10 Jan 1992,95.6375
13 Jan 1992,95.661
14 Jan 1992,95.7033
15 Jan 1992,95.1208
16 Jan 1992,95.2178
17 Jan 1992,95.5109
20 Jan 1992,95.6507
21 Jan 1992,95.9022
22 Jan 1992,96.0661
23 Jan 1992,95.9258
24 Jan 1992,96.0494
27 Jan 1992,95.7774
28 Jan 1992,96.0303
29 Jan 1992,96.3404
30 Jan 1992,95.9606
31 Jan 1992,96.1571
03 Feb 1992,96.1276
04 Feb 1992,96.2098
05 Feb 1992,96.4102
06 Feb 1992,96.5338
07 Feb 1992,96.8635
10 Feb 1992,96.7792
11 Feb 1992,96.3227
12 Feb 1992,96.2407
13 Feb 1992,95.9629
14 Feb 1992,96.0161
17 Feb 1992,96.0832
18 Feb 1992,95.8101
19 Feb 1992,95.7831
20 Feb 1992,95.7405
21 Feb 1992,95.7223
24 Feb 1992,95.7252
25 Feb 1992,95.9181
26 Feb 1992,95.8211
27 Feb 1992,96.0414
28 Feb 1992,95.9214
02 Mar 1992,95.9458
03 Mar 1992,95.6912
04 Mar 1992,95.4721
05 Mar 1992,95.0889
06 Mar 1992,95.0957
09 Mar 1992,95.1278
10 Mar 1992,95.1077
11 Mar 1992,95.3603
12 Mar 1992,94.9086
13 Mar 1992,94.8158
16 Mar 1992,95.0438
17 Mar 1992,95.3453
18 Mar 1992,95.1392
19 Mar 1992,94.8847
20 Mar 1992,94.8902
23 Mar 1992,95.0092
24 Mar 1992,95.1058
25 Mar 1992,95.2477
26 Mar 1992,95.1658
27 Mar 1992,95.3508
30 Mar 1992,95.2745
31 Mar 1992,95.228
01 Apr 1992,94.9931
02 Apr 1992,94.9831
03 Apr 1992,95.0305
06 Apr 1992,95.1258
07 Apr 1992,95.1935
08 Apr 1992,95.1851
09 Apr 1992,95.8749
10 Apr 1992,96.3711
13 Apr 1992,96.8921
14 Apr 1992,97.004
15 Apr 1992,96.8645
16 Apr 1992,96.5799
21 Apr 1992,96.7115
22 Apr 1992,97.2861
23 Apr 1992,97.3547
24 Apr 1992,97.428
27 Apr 1992,97.7213
28 Apr 1992,97.6041
29 Apr 1992,97.4393
30 Apr 1992,97.4903
01 May 1992,97.5567
05 May 1992,97.3822
06 May 1992,97.609
07 May 1992,97.9938
08 May 1992,97.9635
11 May 1992,98.0209
12 May 1992,98.167
13 May 1992,98.1757
14 May 1992,98.2243
15 May 1992,98.1618
18 May 1992,98.1765
19 May 1992,98.2485
20 May 1992,98.2382
21 May 1992,98.0735
22 May 1992,98.0503
26 May 1992,98.3863
27 May 1992,97.8956
28 May 1992,97.8302
29 May 1992,98.1673
01 Jun 1992,98.016
02 Jun 1992,97.9842
03 Jun 1992,97.5808
04 Jun 1992,97.7859
05 Jun 1992,97.9294
08 Jun 1992,97.8993
09 Jun 1992,97.9078
10 Jun 1992,97.9721
11 Jun 1992,98.0405
12 Jun 1992,98.2414
15 Jun 1992,98.2536
16 Jun 1992,98.2944
17 Jun 1992,98.4255
18 Jun 1992,98.5425
19 Jun 1992,98.4071
22 Jun 1992,98.4211
23 Jun 1992,98.5307
24 Jun 1992,98.6802
25 Jun 1992,98.8674
26 Jun 1992,98.7442
29 Jun 1992,98.6791
30 Jun 1992,98.8521
01 Jul 1992,98.9075
02 Jul 1992,99.0873
03 Jul 1992,98.8198
06 Jul 1992,98.6461
07 Jul 1992,98.8224
08 Jul 1992,98.4708
09 Jul 1992,98.3445
10 Jul 1992,98.675
13 Jul 1992,98.3448
14 Jul 1992,98.0122
15 Jul 1992,98.1605
16 Jul 1992,98.519
17 Jul 1992,98.6067
20 Jul 1992,97.9797
21 Jul 1992,97.8201
22 Jul 1992,97.5615
23 Jul 1992,97.7792
24 Jul 1992,97.8661
27 Jul 1992,97.9707
28 Jul 1992,98.1802
29 Jul 1992,98.0452
30 Jul 1992,98.0062
31 Jul 1992,98.022
03 Aug 1992,98.0652
04 Aug 1992,97.8839
05 Aug 1992,97.5843
06 Aug 1992,97.5064
07 Aug 1992,97.8311
10 Aug 1992,97.8756
11 Aug 1992,97.823
12 Aug 1992,97.8903
13 Aug 1992,97.8485
14 Aug 1992,97.5091
17 Aug 1992,97.6605
18 Aug 1992,97.7058
19 Aug 1992,97.7615
20 Aug 1992,97.7311
21 Aug 1992,97.714
24 Aug 1992,98.4821
25 Aug 1992,98.3112
26 Aug 1992,98.3949
27 Aug 1992,98.1127
28 Aug 1992,98.0467
01 Sep 1992,98.162
02 Sep 1992,98.3684
03 Sep 1992,98.4535
04 Sep 1992,98.5525
07 Sep 1992,98.4196
08 Sep 1992,98.5306
09 Sep 1992,98.0811
10 Sep 1992,98.137
11 Sep 1992,97.2981
14 Sep 1992,97.2477
15 Sep 1992,96.4269
16 Sep 1992,95.0635
17 Sep 1992,92.1701
18 Sep 1992,90.9658
21 Sep 1992,88.8181
22 Sep 1992,88.7846
23 Sep 1992,88.9499
24 Sep 1992,88.5934
25 Sep 1992,88.6405
28 Sep 1992,88.1363
29 Sep 1992,89.1732
30 Sep 1992,89.5089
01 Oct 1992,87.854
02 Oct 1992,86.7624
05 Oct 1992,85.785
06 Oct 1992,87.1471
07 Oct 1992,87.6561
08 Oct 1992,87.549
09 Oct 1992,88.114
12 Oct 1992,88.2821
13 Oct 1992,88.7219
14 Oct 1992,88.1595
15 Oct 1992,87.1419
16 Oct 1992,85.9077
19 Oct 1992,84.7142
20 Oct 1992,85.9014
21 Oct 1992,84.8815
22 Oct 1992,85.3605
23 Oct 1992,85.744
26 Oct 1992,84.4756
27 Oct 1992,83.8588
28 Oct 1992,84.0153
29 Oct 1992,83.6434
30 Oct 1992,83.3567
02 Nov 1992,82.7003
03 Nov 1992,83.2507
04 Nov 1992,83.716
05 Nov 1992,83.3556
06 Nov 1992,83.8008
09 Nov 1992,82.8296
10 Nov 1992,82.7041
11 Nov 1992,82.949
12 Nov 1992,82.9324
13 Nov 1992,83.5847
16 Nov 1992,82.8481
17 Nov 1992,83.1225
18 Nov 1992,83.2351
19 Nov 1992,83.4541
20 Nov 1992,83.4737
23 Nov 1992,83.6579
24 Nov 1992,83.6989
25 Nov 1992,83.6564
26 Nov 1992,83.6968
27 Nov 1992,83.2445
30 Nov 1992,83.2189
01 Dec 1992,84.1592
02 Dec 1992,84.4183
03 Dec 1992,85.6806
04 Dec 1992,85.7171
07 Dec 1992,86.3387
08 Dec 1992,86.4357
09 Dec 1992,85.4826
10 Dec 1992,85.0517
11 Dec 1992,85.2168
14 Dec 1992,85.2219
15 Dec 1992,85.4548
16 Dec 1992,85.5184
17 Dec 1992,85.635
18 Dec 1992,85.3365
21 Dec 1992,85.3286
22 Dec 1992,84.5675
23 Dec 1992,84.1835
24 Dec 1992,84.3743
29 Dec 1992,84.1343
30 Dec 1992,84.1628
31 Dec 1992,84.4633
04 Jan 1993,84.5937
05 Jan 1993,86.606
06 Jan 1993,86.7683
07 Jan 1993,86.4846
08 Jan 1993,86.8562
11 Jan 1993,87.1601
12 Jan 1993,86.5644
13 Jan 1993,86.625
14 Jan 1993,86.0097
15 Jan 1993,86.0202
18 Jan 1993,86.4563
19 Jan 1993,86.1991
20 Jan 1993,85.5439
21 Jan 1993,84.6538
22 Jan 1993,84.6888
25 Jan 1993,85.3331
26 Jan 1993,84.3685
27 Jan 1993,83.3906
28 Jan 1993,83.5998
29 Jan 1993,82.8909
01 Feb 1993,82.1754
02 Feb 1993,81.9033
03 Feb 1993,81.441
04 Feb 1993,82.2247
05 Feb 1993,82.2721
08 Feb 1993,81.8607
09 Feb 1993,81.1598
10 Feb 1993,81.1432
11 Feb 1993,80.6387
12 Feb 1993,80.7438
15 Feb 1993,80.7349
16 Feb 1993,81.5373
17 Feb 1993,81.2745
18 Feb 1993,81.5396
19 Feb 1993,82.0719
22 Feb 1993,81.9487
23 Feb 1993,81.7371
24 Feb 1993,80.8163
25 Feb 1993,80.8316
26 Feb 1993,80.6557
01 Mar 1993,81.6507
02 Mar 1993,81.9305
03 Mar 1993,82.0824
04 Mar 1993,82.0068
05 Mar 1993,82.5135
08 Mar 1993,82.2373
09 Mar 1993,81.9623
10 Mar 1993,81.7268
11 Mar 1993,81.856
12 Mar 1993,81.895
15 Mar 1993,81.8926
16 Mar 1993,82.4491
17 Mar 1993,82.8615
18 Mar 1993,83.9038
19 Mar 1993,84.0192
22 Mar 1993,83.9976
23 Mar 1993,83.6017
24 Mar 1993,83.5826
25 Mar 1993,83.5476
26 Mar 1993,84.0602
29 Mar 1993,84.0796
30 Mar 1993,83.9888
31 Mar 1993,84.2644
01 Apr 1993,84.9047
02 Apr 1993,84.7135
05 Apr 1993,84.496
06 Apr 1993,84.6296
07 Apr 1993,84.7578
08 Apr 1993,84.9628
13 Apr 1993,85.7458
14 Apr 1993,85.8323
15 Apr 1993,85.7863
16 Apr 1993,85.0077
19 Apr 1993,85.1162
20 Apr 1993,85.2499
21 Apr 1993,85.1187
22 Apr 1993,85.6987
23 Apr 1993,86.4411
26 Apr 1993,86.6052
27 Apr 1993,86.4547
28 Apr 1993,86.2972
29 Apr 1993,86.1253
30 Apr 1993,86.2791
04 May 1993,85.6974
05 May 1993,85.761
06 May 1993,85.8247
07 May 1993,86.2319
10 May 1993,84.9924
11 May 1993,85.4494
12 May 1993,85.1382
13 May 1993,84.9145
14 May 1993,85.1204
17 May 1993,85.2969
18 May 1993,85.4315
19 May 1993,85.8822
20 May 1993,86.3096
21 May 1993,85.9616
24 May 1993,85.8274
25 May 1993,85.9368
26 May 1993,86.271
27 May 1993,86.1523
28 May 1993,85.6998
01 Jun 1993,85.4143
02 Jun 1993,84.8728
03 Jun 1993,84.8934
04 Jun 1993,84.5583
07 Jun 1993,84.5512
08 Jun 1993,84.3455
09 Jun 1993,84.6488
10 Jun 1993,84.7089
11 Jun 1993,84.6572
14 Jun 1993,84.7568
15 Jun 1993,84.9614
16 Jun 1993,84.683
17 Jun 1993,85.2572
18 Jun 1993,85.1231
21 Jun 1993,84.9841
22 Jun 1993,84.7332
23 Jun 1993,84.1827
24 Jun 1993,84.5466
25 Jun 1993,84.713
28 Jun 1993,85.534
29 Jun 1993,85.9541
30 Jun 1993,85.7769
01 Jul 1993,86.452
02 Jul 1993,86.4378
05 Jul 1993,86.6651
06 Jul 1993,86.6641
07 Jul 1993,85.8726
08 Jul 1993,86.1186
09 Jul 1993,85.9731
12 Jul 1993,86.0944
13 Jul 1993,86.6368
14 Jul 1993,87.0748
15 Jul 1993,86.6034
16 Jul 1993,86.0722
19 Jul 1993,86.515
20 Jul 1993,86.9664
21 Jul 1993,87.4355
22 Jul 1993,87.393
23 Jul 1993,87.0102
26 Jul 1993,87.479
27 Jul 1993,86.876
28 Jul 1993,86.6653
29 Jul 1993,87.0805
30 Jul 1993,87.1527
02 Aug 1993,86.914
03 Aug 1993,87.3375
04 Aug 1993,87.1507
05 Aug 1993,86.8409
06 Aug 1993,86.881
09 Aug 1993,86.7704
10 Aug 1993,86.4663
11 Aug 1993,86.2627
12 Aug 1993,85.8215
13 Aug 1993,85.4604
16 Aug 1993,85.9227
17 Aug 1993,86.3475
18 Aug 1993,87.2189
19 Aug 1993,87.0158
20 Aug 1993,87.0479
23 Aug 1993,86.8969
24 Aug 1993,86.2686
25 Aug 1993,85.7496
26 Aug 1993,86.7197
27 Aug 1993,86.3148
31 Aug 1993,85.9107
01 Sep 1993,86.6369
02 Sep 1993,86.1949
03 Sep 1993,86.7616
06 Sep 1993,86.3322
07 Sep 1993,87.0834
08 Sep 1993,87.3702
09 Sep 1993,87.1687
10 Sep 1993,86.986
13 Sep 1993,86.8612
14 Sep 1993,86.945
15 Sep 1993,86.8946
16 Sep 1993,86.1519
17 Sep 1993,86.3136
20 Sep 1993,86.3477
21 Sep 1993,86.2913
22 Sep 1993,86.2652
23 Sep 1993,85.9447
24 Sep 1993,85.7666
27 Sep 1993,85.8411
28 Sep 1993,85.6423
29 Sep 1993,85.3649
30 Sep 1993,85.1525
01 Oct 1993,85.5347
04 Oct 1993,85.9009
05 Oct 1993,85.9922
06 Oct 1993,86.4218
07 Oct 1993,86.3045
08 Oct 1993,86.5001
11 Oct 1993,86.2914
12 Oct 1993,86.0246
13 Oct 1993,85.838
14 Oct 1993,85.7374
15 Oct 1993,85.6832
18 Oct 1993,85.1809
19 Oct 1993,85.1082
20 Oct 1993,85.2828
21 Oct 1993,85.5537
22 Oct 1993,85.0772
25 Oct 1993,85.7857
26 Oct 1993,85.5988
27 Oct 1993,85.6835
28 Oct 1993,86.173
29 Oct 1993,86.1203
01 Nov 1993,86.2485
02 Nov 1993,86.1937
03 Nov 1993,85.9777
04 Nov 1993,86.0926
05 Nov 1993,86.2127
08 Nov 1993,85.7939
09 Nov 1993,85.5051
10 Nov 1993,85.7605
11 Nov 1993,85.8317
12 Nov 1993,86.0642
15 Nov 1993,86.5515
16 Nov 1993,86.5017
17 Nov 1993,86.118
18 Nov 1993,86.2912
19 Nov 1993,86.254
22 Nov 1993,86.1041
23 Nov 1993,86.7123
24 Nov 1993,86.8542
25 Nov 1993,87.0745
26 Nov 1993,86.7138
29 Nov 1993,87.137
30 Nov 1993,87.2293
01 Dec 1993,86.9617
02 Dec 1993,87.1865
03 Dec 1993,87.4897
06 Dec 1993,87.3974
07 Dec 1993,86.8912
08 Dec 1993,87.0174
09 Dec 1993,87.0825
10 Dec 1993,86.9131
13 Dec 1993,86.9444
14 Dec 1993,87.0287
15 Dec 1993,86.8082
16 Dec 1993,86.9024
17 Dec 1993,86.9293
20 Dec 1993,86.7907
21 Dec 1993,86.7609
22 Dec 1993,86.8621
23 Dec 1993,87.1268
24 Dec 1993,87.1161
29 Dec 1993,87.3154
30 Dec 1993,86.8967
31 Dec 1993,87.1535
04 Jan 1994,87.3606
05 Jan 1994,87.5122
06 Jan 1994,87.571
07 Jan 1994,87.5676
10 Jan 1994,87.8153
11 Jan 1994,87.8129
12 Jan 1994,88.2428
13 Jan 1994,88.2965
14 Jan 1994,88.0023
17 Jan 1994,88.0013
18 Jan 1994,88.0601
19 Jan 1994,87.6783
20 Jan 1994,87.9677
21 Jan 1994,87.9668
24 Jan 1994,88.1164
25 Jan 1994,87.9092
26 Jan 1994,87.6662
27 Jan 1994,87.4761
28 Jan 1994,87.7079
31 Jan 1994,87.7778
01 Feb 1994,87.6749
02 Feb 1994,87.2573
03 Feb 1994,87.2981
04 Feb 1994,87.0151
07 Feb 1994,87.2508
08 Feb 1994,86.7535
09 Feb 1994,86.0008
10 Feb 1994,86.0131
11 Feb 1994,86.2357
14 Feb 1994,85.9487
15 Feb 1994,85.7944
16 Feb 1994,85.9699
17 Feb 1994,85.8929
18 Feb 1994,85.7718
21 Feb 1994,85.9747
22 Feb 1994,86.051
23 Feb 1994,85.978
24 Feb 1994,86.2436
25 Feb 1994,86.2181
28 Feb 1994,85.9833
01 Mar 1994,86.128
02 Mar 1994,86.4966
03 Mar 1994,86.5479
04 Mar 1994,86.6542
07 Mar 1994,86.6275
08 Mar 1994,86.3681
09 Mar 1994,86.4909
10 Mar 1994,86.4807
11 Mar 1994,86.185
